User_Id;Region;Device;Channel;Session_Start;SESSION_End
9,81E+11;United States;iPhone;organic;01.05.2019 2:36;01.05.2019 2:45
2,79E+11;United States;iPhone;organic;01.05.2019 4:46;01.05.2019 4:47
5,91E+11;United States;Mac;organic;01.05.2019 14:09;01.05.2019 15:32
3,26E+11;United States;Android;TipTop;01.05.2019 0:29;01.05.2019 0:54
3,50E+11;United States;Mac;organic;01.05.2019 3:33;01.05.2019 3:57
43958116050;United States;Android;organic;01.05.2019 9:03;01.05.2019 10:08
1,85E+11;United States;iPhone;organic;01.05.2019 9:37;01.05.2019 10:00
1,01E+11;United States;Mac;TipTop;01.05.2019 4:39;01.05.2019 4:57
3,70E+11;United States;iPhone;organic;01.05.2019 14:44;01.05.2019 15:41
1,42E+11;United States;Mac;FaceBoom;01.05.2019 6:20;01.05.2019 6:54
9,24E+11;United States;iPhone;organic;01.05.2019 20:03;01.05.2019 20:19
7,75E+11;United States;iPhone;MediaTornado;01.05.2019 14:01;01.05.2019 14:29
2,45E+11;United States;iPhone;MediaTornado;01.05.2019 1:59;01.05.2019 2:21
1,58E+11;United States;Mac;organic;01.05.2019 10:25;01.05.2019 10:35
5,25E+11;United States;Mac;organic;01.05.2019 17:06;01.05.2019 18:05
1,36E+11;United States;PC;organic;01.05.2019 19:34;01.05.2019 19:39
6,85E+11;United States;iPhone;TipTop;01.05.2019 1:51;01.05.2019 2:12
9,06E+11;United States;iPhone;organic;01.05.2019 14:26;01.05.2019 14:35
15174034813;United States;iPhone;FaceBoom;01.05.2019 15:34;01.05.2019 15:56
1,88E+11;United States;Android;FaceBoom;01.05.2019 23:09;01.05.2019 23:21
7,77E+11;United States;iPhone;organic;01.05.2019 2:21;01.05.2019 2:29
1,71E+11;United States;iPhone;organic;01.05.2019 4:29;01.05.2019 4:59
23110169785;United States;PC;organic;01.05.2019 18:09;01.05.2019 19:43
7,50E+11;United States;Mac;organic;01.05.2019 16:44;01.05.2019 16:45
7,85E+11;United States;iPhone;TipTop;01.05.2019 13:25;01.05.2019 14:39
7,17E+11;United States;iPhone;organic;01.05.2019 16:34;01.05.2019 16:45
2,53E+11;United States;iPhone;organic;01.05.2019 18:17;01.05.2019 18:50
2,83E+11;United States;iPhone;organic;01.05.2019 13:49;01.05.2019 13:53
7,51E+11;United States;Mac;organic;01.05.2019 11:25;01.05.2019 11:37
1,65E+11;United States;Mac;organic;01.05.2019 17:53;01.05.2019 18:00
5,88E+11;United States;Mac;organic;01.05.2019 16:32;01.05.2019 17:30
6,19E+11;United States;Mac;organic;01.05.2019 10:04;01.05.2019 10:13
4,75E+11;United States;PC;organic;01.05.2019 0:29;01.05.2019 2:46
7,63E+11;United States;iPhone;MediaTornado;01.05.2019 7:57;01.05.2019 8:22
1,81E+11;United States;Android;organic;01.05.2019 13:39;01.05.2019 13:52
4,74E+11;United States;iPhone;organic;01.05.2019 16:38;01.05.2019 16:52
1,73E+11;United States;Android;TipTop;01.05.2019 0:32;01.05.2019 0:38
9,57E+11;United States;iPhone;organic;01.05.2019 15:32;01.05.2019 16:08
9,02E+11;United States;Android;organic;01.05.2019 11:36;01.05.2019 11:40
2,23E+11;United States;PC;organic;01.05.2019 13:51;01.05.2019 15:00
3,56E+11;United States;Mac;TipTop;01.05.2019 22:44;01.05.2019 23:11
3,32E+11;United States;iPhone;organic;01.05.2019 15:01;01.05.2019 15:10
9,07E+11;United States;iPhone;FaceBoom;01.05.2019 5:04;01.05.2019 5:19
66320894054;United States;Android;organic;01.05.2019 13:37;01.05.2019 14:22
19360341521;United States;Mac;TipTop;01.05.2019 4:55;01.05.2019 5:24
1,52E+11;United States;Mac;organic;01.05.2019 13:33;01.05.2019 13:35
2,94E+11;United States;iPhone;TipTop;01.05.2019 0:09;01.05.2019 0:31
3,22E+11;United States;Android;organic;01.05.2019 14:03;01.05.2019 14:42
8,62E+11;United States;iPhone;organic;01.05.2019 20:00;01.05.2019 20:15
57218022811;United States;PC;organic;01.05.2019 23:19;01.05.2019 23:29
4,81E+11;United States;Android;TipTop;01.05.2019 13:22;01.05.2019 14:31
88533696308;United States;Android;organic;01.05.2019 11:09;01.05.2019 13:03
3,04E+11;United States;Mac;organic;01.05.2019 17:59;01.05.2019 18:16
5,50E+11;United States;iPhone;TipTop;01.05.2019 13:46;01.05.2019 13:51
2,82E+11;United States;iPhone;organic;01.05.2019 5:51;01.05.2019 6:05
21864304848;United States;iPhone;organic;01.05.2019 11:29;01.05.2019 11:31
6,39E+11;USA;PC;TipTop;01.05.2019 18:27;01.05.2019 19:08
5,94E+11;United States;Mac;FaceBoom;01.05.2019 13:34;01.05.2019 14:16
2,27E+11;United States;iPhone;FaceBoom;01.05.2019 7:54;01.05.2019 8:12
36896880072;United States;iPhone;TipTop;01.05.2019 22:40;01.05.2019 22:41
2,64E+11;United States;MAC;FaceBoom;01.05.2019 12:13;01.05.2019 12:44
2,96E+11;United States;iPhone;TipTop;01.05.2019 0:52;01.05.2019 0:58
3,42E+11;United States;iPhone;organic;01.05.2019 23:25;01.05.2019 23:49
6637059910;United States;IPHONE;organic;01.05.2019 1:27;01.05.2019 1:44
8,67E+11;United States;PC;organic;01.05.2019 14:34;01.05.2019 15:19
5,63E+11;United States;Android;organic;01.05.2019 7:29;01.05.2019 8:22
7,63E+11;United States;Android;FaceBoom;01.05.2019 16:07;01.05.2019 16:44
5,29E+11;United States;Android;organic;01.05.2019 11:23;01.05.2019 11:45
7,53E+11;United States;iPhone;organic;01.05.2019 18:13;01.05.2019 18:58
9,24E+11;United States;Android;organic;01.05.2019 8:29;01.05.2019 9:01
6,91E+11;United States;iPhone;MediaTornado;01.05.2019 10:46;01.05.2019 11:44
5,91E+11;United States;IPHONE;organic;01.05.2019 11:39;01.05.2019 11:43
4,47E+11;United States;Mac;FaceBoom;01.05.2019 12:17;01.05.2019 12:28
2,38E+11;United States;Mac;organic;01.05.2019 16:30;01.05.2019 16:38
9,98E+11;United States;Mac;FaceBoom;01.05.2019 4:11;01.05.2019 4:20
5,64E+11;United States;iPhone;organic;01.05.2019 14:12;01.05.2019 14:34
5,80E+11;United States;PC;TipTop;01.05.2019 23:59;02.05.2019 0:02
8,34E+11;United States;iPhone;FaceBoom;01.05.2019 12:55;01.05.2019 13:08
9212743938;United States;Android;TipTop;01.05.2019 7:33;01.05.2019 9:24
6,49E+11;United States;Mac;FaceBoom;01.05.2019 5:33;01.05.2019 5:49
7,02E+11;United States;Mac;organic;01.05.2019 11:11;01.05.2019 11:39
5,00E+11;United States;Mac;organic;01.05.2019 8:46;01.05.2019 8:54
1,05E+11;United States;Mac;TipTop;01.05.2019 14:50;01.05.2019 15:09
6,78E+11;United States;Mac;organic;01.05.2019 23:16;01.05.2019 23:25
2,22E+11;United States;PC;FaceBoom;01.05.2019 20:14;01.05.2019 20:16
5,36E+11;United States;Android;FaceBoom;01.05.2019 7:14;01.05.2019 7:59
1,73E+11;United States;Android;organic;01.05.2019 23:30;01.05.2019 23:30
4,27E+11;United States;PC;organic;01.05.2019 21:43;01.05.2019 22:48
9,28E+11;United States;Mac;TipTop;01.05.2019 12:59;01.05.2019 13:31
7,08E+11;United States;Android;organic;01.05.2019 22:48;02.05.2019 0:11
7,20E+11;United States;iPhone;organic;01.05.2019 12:34;01.05.2019 13:33
7041371989;United States;iPhone;FaceBoom;01.05.2019 6:36;01.05.2019 6:45
2,53E+11;United States;Android;organic;01.05.2019 9:31;01.05.2019 9:43
5,91E+11;United States;iPhone;organic;01.05.2019 20:10;01.05.2019 20:47
8,55E+11;United States;iPhone;MediaTornado;01.05.2019 14:57;01.05.2019 15:00
7,61E+11;;;organic;01.05.2019 23:50;02.05.2019 2:29
7,80E+11;United States;iPhone;MediaTornado;01.05.2019 2:52;01.05.2019 3:50
8,97E+11;United States;Mac;organic;01.05.2019 13:37;01.05.2019 13:50
8,23E+11;United States;iPhone;organic;01.05.2019 5:28;01.05.2019 5:33
8,76E+11;United States;iPhone;FaceBoom;01.05.2019 11:03;01.05.2019 11:05
5,86E+11;United States;Android;organic;01.05.2019 0:14;01.05.2019 0:21
5,30E+11;United States;Mac;FaceBoom;01.05.2019 11:33;01.05.2019 11:51
6,52E+11;United States;Mac;organic;01.05.2019 12:03;01.05.2019 13:13
34189933503;United States;iPhone;organic;01.05.2019 0:19;01.05.2019 0:20
6,52E+11;United States;Mac;organic;01.05.2019 19:40;01.05.2019 20:17
3,50E+11;United States;PC;TipTop;01.05.2019 18:56;01.05.2019 20:15
3,88E+11;United States;Mac;organic;01.05.2019 19:01;01.05.2019 19:21
3,01E+11;United States;iPhone;FaceBoom;01.05.2019 11:58;01.05.2019 12:22
1,34E+11;United States;Mac;organic;01.05.2019 8:35;01.05.2019 9:32
3,12E+11;United States;Mac;FaceBoom;01.05.2019 19:18;01.05.2019 19:46
6,03E+11;United States;iPhone;TipTop;01.05.2019 18:07;01.05.2019 18:19
3,46E+11;United States;iPhone;organic;01.05.2019 3:49;01.05.2019 4:01
7,19E+11;United States;iPhone;organic;01.05.2019 15:13;01.05.2019 15:15
3,20E+11;United States;Android;FaceBoom;01.05.2019 15:34;01.05.2019 16:15
3,66E+11;United States;iPhone;FaceBoom;01.05.2019 13:59;01.05.2019 15:04
8356573095;United States;iPhone;organic;01.05.2019 6:03;01.05.2019 7:36
6,15E+11;United States;iPhone;organic;01.05.2019 6:56;01.05.2019 7:25
5,42E+11;United States;Mac;organic;01.05.2019 16:32;01.05.2019 16:50
8,98E+11;United States;Android;organic;01.05.2019 16:37;01.05.2019 16:52
9,50E+11;United States;iPhone;TipTop;01.05.2019 4:15;01.05.2019 4:18
5,93E+11;United States;;organic;;
1,29E+11;United States;iPhone;TipTop;01.05.2019 1:56;01.05.2019 2:15
6,66E+11;United States;iPhone;organic;01.05.2019 15:23;01.05.2019 15:58
4,45E+11;United States;Mac;organic;01.05.2019 2:03;01.05.2019 3:07
9,94E+11;United States;Mac;organic;01.05.2019 14:35;01.05.2019 14:48
7,65E+11;United States;iPhone;TipTop;01.05.2019 19:18;01.05.2019 20:53
1,86E+11;United States;iPhone;MediaTornado;01.05.2019 23:47;01.05.2019 23:52
8,62E+11;United States;iPhone;FaceBoom;01.05.2019 15:22;01.05.2019 16:24
4,90E+11;United States;Android;FaceBoom;01.05.2019 3:39;01.05.2019 4:25
8,57E+11;United States;Mac;organic;01.05.2019 18:46;01.05.2019 18:52
7,85E+11;United States;Android;organic;01.05.2019 17:52;01.05.2019 18:05
6,68E+11;United States;iPhone;TipTop;01.05.2019 11:05;01.05.2019 11:45
6,27E+11;United States;iPhone;organic;01.05.2019 2:37;01.05.2019 4:15
6,91E+11;United States;Android;organic;01.05.2019 10:32;01.05.2019 11:33
1,61E+11;United States;Android;organic;01.05.2019 10:13;01.05.2019 10:17
2,51E+11;United States;Mac;organic;01.05.2019 23:05;01.05.2019 23:34
7,51E+11;United States;iPhone;TipTop;01.05.2019 2:53;01.05.2019 2:56
9,70E+11;United States;iPhone;organic;01.05.2019 21:01;01.05.2019 21:36
8,02E+11;United States;PC;organic;01.05.2019 9:32;01.05.2019 10:08
4,34E+11;United States;iPhone;organic;01.05.2019 19:43;01.05.2019 20:41
7,49E+11;United States;iPhone;organic;01.05.2019 12:26;01.05.2019 12:28
9,35E+11;United States;Android;TipTop;01.05.2019 1:58;01.05.2019 2:12
7,80E+11;United States;iPhone;TipTop;;
9,50E+11;United States;PC;organic;01.05.2019 6:20;01.05.2019 6:39
9,92E+11;United States;iPhone;organic;01.05.2019 0:58;01.05.2019 1:00
6,01E+11;United States;PC;organic;01.05.2019 6:56;01.05.2019 7:09
4,14E+11;United States;PC;organic;01.05.2019 23:54;02.05.2019 0:44
9,14E+11;United States;iPhone;organic;01.05.2019 2:02;01.05.2019 2:23
8,89E+11;United States;PC;organic;01.05.2019 14:50;01.05.2019 16:51
48681240131;United States;Mac;organic;01.05.2019 6:55;01.05.2019 7:14
2,14E+11;United States;PC;organic;01.05.2019 14:50;01.05.2019 14:52
7,38E+11;United States;Mac;organic;01.05.2019 15:56;01.05.2019 17:07
2,65E+11;United States;iPhone;MediaTornado;01.05.2019 22:21;01.05.2019 22:25
67486407139;United States;Android;organic;01.05.2019 3:05;01.05.2019 3:27
9,63E+11;United States;Mac;organic;01.05.2019 23:31;02.05.2019 0:07
2,30E+11;United States;iPhone;organic;01.05.2019 17:38;01.05.2019 17:56
2,76E+11;United States;Android;TipTop;01.05.2019 21:50;01.05.2019 22:35
4,99E+11;United States;PC;FaceBoom;01.05.2019 16:21;01.05.2019 16:38
7,78E+11;United States;iPhone;TipTop;01.05.2019 20:57;01.05.2019 21:49
6,31E+11;United States;Android;TipTop;01.05.2019 17:32;01.05.2019 17:34
1,79E+11;United States;Mac;organic;01.05.2019 7:27;01.05.2019 7:49
2,10E+11;United States;Mac;TipTop;01.05.2019 16:53;01.05.2019 17:08
5,33E+11;United States;iPhone;FaceBoom;01.05.2019 9:05;01.05.2019 9:12
2,67E+11;United States;iPhone;organic;01.05.2019 19:24;01.05.2019 20:51
5,70E+11;United States;Android;organic;01.05.2019 21:40;01.05.2019 22:44
7,82E+11;United States;Mac;organic;01.05.2019 20:21;01.05.2019 20:39
8,46E+11;United States;iPhone;FaceBoom;01.05.2019 0:35;01.05.2019 2:07
1,94E+11;United States;Android;organic;01.05.2019 17:28;01.05.2019 17:31
18854267236;United States;iPhone;organic;01.05.2019 0:46;01.05.2019 0:59
71021174060;United States;Android;organic;01.05.2019 16:11;01.05.2019 16:27
5400720363;United States;iPhone;organic;01.05.2019 22:47;01.05.2019 22:57
1,87E+11;United States;iPhone;TipTop;01.05.2019 17:06;01.05.2019 17:07
1,27E+11;United States;Mac;organic;01.05.2019 23:06;01.05.2019 23:25
7,80E+11;United States;Android;FaceBoom;01.05.2019 20:22;01.05.2019 21:23
3,98E+11;United States;iPhone;FaceBoom;01.05.2019 1:25;01.05.2019 1:38
3,28E+11;United States;Mac;organic;01.05.2019 19:19;01.05.2019 19:22
9,08E+11;United States;iPhone;organic;01.05.2019 3:37;01.05.2019 4:11
1,03E+11;United States;Mac;organic;01.05.2019 21:44;01.05.2019 21:58
6,54E+11;United States;Mac;FaceBoom;01.05.2019 2:51;01.05.2019 3:10
10404332026;Russia;Mac;organic;01.05.2019 0:18;01.05.2019 0:36
4,24E+11;United States;PC;organic;01.05.2019 0:25;01.05.2019 1:36
2,23E+11;United States;PC;organic;01.05.2019 9:48;01.05.2019 10:16
7,36E+11;United States;Mac;organic;01.05.2019 1:54;01.05.2019 2:31
5,18E+11;United States;iPhone;organic;01.05.2019 5:59;01.05.2019 6:18
1,82E+11;United States;Android;organic;01.05.2019 0:59;01.05.2019 1:53
4,34E+11;United States;iPhone;organic;01.05.2019 18:16;01.05.2019 18:53
6,39E+11;United States;iPhone;TipTop;01.05.2019 15:25;01.05.2019 15:26
4,87E+11;United States;iPhone;TipTop;01.05.2019 22:08;01.05.2019 23:11
8,19E+11;United States;iPhone;organic;01.05.2019 8:45;01.05.2019 10:03
1,86E+11;United States;Android;FaceBoom;01.05.2019 11:09;01.05.2019 11:26
8,97E+11;United States;iPhone;organic;01.05.2019 12:38;01.05.2019 13:02
2,32E+11;United States;iPhone;TipTop;01.05.2019 13:00;01.05.2019 13:22
68001516295;United States;Mac;organic;01.05.2019 1:11;01.05.2019 1:23
7,47E+11;Russia;Android;organic;01.05.2019 10:32;01.05.2019 10:49
3,81E+11;United States;PC;organic;01.05.2019 18:02;01.05.2019 18:14
64868737546;United States;iPhone;FaceBoom;01.05.2019 9:05;01.05.2019 9:34
4,65E+11;United States;Mac;organic;01.05.2019 13:43;01.05.2019 14:36
2,27E+11;United States;Mac;organic;01.05.2019 6:18;01.05.2019 7:06
4,79E+11;United States;iPhone;organic;01.05.2019 18:37;01.05.2019 18:49
2,20E+11;United States;Mac;organic;01.05.2019 8:25;01.05.2019 10:20
7018967756;United States;Android;organic;01.05.2019 2:06;01.05.2019 2:36
5,99E+11;United States;iPhone;organic;01.05.2019 5:40;01.05.2019 5:42
46064941012;United States;iPhone;organic;01.05.2019 19:07;01.05.2019 19:12
9,19E+11;United States;iPhone;organic;01.05.2019 8:44;01.05.2019 9:16
3,21E+11;United States;Android;organic;01.05.2019 19:25;01.05.2019 19:26
9,81E+11;United States;iPhone;organic;01.05.2019 20:27;01.05.2019 20:46
3,81E+11;United States;PC;organic;01.05.2019 6:27;01.05.2019 6:39
2,72E+11;United States;Mac;organic;01.05.2019 4:56;01.05.2019 4:59
45542906349;United States;Android;FaceBoom;01.05.2019 3:20;01.05.2019 3:40
1,73E+11;United States;iPhone;organic;01.05.2019 18:36;01.05.2019 18:43
9,68E+11;United States;iPhone;organic;01.05.2019 6:39;01.05.2019 7:40
6,66E+11;United States;Android;organic;01.05.2019 5:34;01.05.2019 5:50
6,93E+11;United States;Android;organic;01.05.2019 22:44;01.05.2019 22:50
9,98E+11;United States;iPhone;organic;01.05.2019 6:44;01.05.2019 6:49
2,39E+11;United States;iPhone;organic;01.05.2019 11:07;01.05.2019 11:27
7,69E+11;United States;Android;organic;01.05.2019 17:38;01.05.2019 18:10
7,63E+11;United States;Android;FaceBoom;01.05.2019 5:26;01.05.2019 5:28
4,78E+11;United States;Mac;organic;01.05.2019 6:52;01.05.2019 7:12
3,45E+11;United States;PC;organic;01.05.2019 6:02;01.05.2019 6:02
2,13E+11;United States;PC;organic;01.05.2019 1:49;01.05.2019 2:08
4,69E+11;United States;PC;organic;01.05.2019 22:05;01.05.2019 22:10
7,80E+11;United States;iPhone;MediaTornado;01.05.2019 4:55;01.05.2019 5:18
3,82E+11;United States;iPhone;TipTop;01.05.2019 18:32;01.05.2019 18:41
4,52E+11;United States;PC;organic;01.05.2019 20:56;01.05.2019 21:02
5,61E+11;United States;Mac;organic;01.05.2019 7:23;01.05.2019 7:33
1,14E+11;United States;PC;organic;01.05.2019 12:57;01.05.2019 13:00
8,46E+11;United States;PC;FaceBoom;01.05.2019 13:13;01.05.2019 13:29
6,12E+11;Russia;iPhone;TipTop;01.05.2019 1:28;01.05.2019 1:41
2,10E+11;United States;iPhone;FaceBoom;01.05.2019 2:17;01.05.2019 2:20
20113809617;United States;iPhone;MediaTornado;01.05.2019 18:27;01.05.2019 18:29
2,38E+11;United States;Mac;organic;01.05.2019 15:47;01.05.2019 16:04
64474110919;United States;iPhone;organic;01.05.2019 2:21;01.05.2019 2:38
6,17E+11;Russia;iPhone;FaceBoom;01.05.2019 20:47;01.05.2019 20:48
68752468250;United States;iPhone;FaceBoom;01.05.2019 20:25;01.05.2019 21:07
9,28E+11;United States;Mac;FaceBoom;01.05.2019 20:16;01.05.2019 20:43
5,40E+11;United States;iPhone;organic;01.05.2019 21:21;01.05.2019 22:45
4,46E+11;United States;PC;FaceBoom;01.05.2019 8:46;01.05.2019 9:19
6,15E+11;United States;Mac;organic;01.05.2019 15:37;01.05.2019 16:11
30904692333;United States;Android;organic;01.05.2019 5:18;01.05.2019 5:27
2,17E+11;United States;Android;FaceBoom;01.05.2019 16:47;01.05.2019 17:40
5,87E+11;United States;iPhone;organic;01.05.2019 8:19;01.05.2019 8:31
1,75E+11;United States;PC;organic;01.05.2019 10:28;01.05.2019 10:53
4,61E+11;United States;iPhone;organic;01.05.2019 19:07;01.05.2019 19:13
8,06E+11;United States;Mac;TipTop;01.05.2019 16:18;01.05.2019 16:19
4,32E+11;United States;iPhone;TipTop;01.05.2019 14:25;01.05.2019 14:43
2,30E+11;United States;iPhone;organic;01.05.2019 8:56;01.05.2019 9:42
6,24E+11;United States;iPhone;organic;01.05.2019 7:16;01.05.2019 8:15
3,34E+11;United States;Android;organic;01.05.2019 0:14;01.05.2019 0:36
8,85E+11;United States;iPhone;organic;01.05.2019 0:06;01.05.2019 0:19
5,71E+11;United States;Mac;organic;01.05.2019 22:55;01.05.2019 23:34
6,84E+11;United States;iPhone;FaceBoom;01.05.2019 8:21;01.05.2019 8:24
7,01E+11;United States;PC;organic;01.05.2019 16:42;01.05.2019 17:06
3,25E+11;United States;Android;MediaTornado;01.05.2019 3:45;01.05.2019 4:09
4,78E+11;United States;Mac;organic;01.05.2019 10:40;01.05.2019 10:47
6,01E+11;United States;Mac;organic;01.05.2019 13:08;01.05.2019 14:41
2,24E+11;United States;Mac;MediaTornado;01.05.2019 2:26;01.05.2019 3:06
8,73E+11;United States;iPhone;FaceBoom;01.05.2019 2:32;01.05.2019 3:46
8,41E+11;United States;iPhone;FaceBoom;01.05.2019 18:19;01.05.2019 18:46
6,07E+11;United States;iPhone;MediaTornado;01.05.2019 5:06;01.05.2019 5:50
1,50E+11;Russia;Mac;FaceBoom;01.05.2019 23:46;02.05.2019 1:20
9,84E+11;United States;PC;organic;01.05.2019 21:18;01.05.2019 21:21
8,68E+11;United States;iPhone;TipTop;01.05.2019 19:26;01.05.2019 19:45
56341587682;United States;iPhone;organic;01.05.2019 9:54;01.05.2019 10:10
1,19E+11;United States;Mac;organic;01.05.2019 20:40;01.05.2019 20:55
5,00E+11;United States;Mac;organic;01.05.2019 2:12;01.05.2019 2:27
2,11E+11;United States;Android;FaceBoom;01.05.2019 3:56;01.05.2019 4:18
73293616521;United States;iPhone;TipTop;01.05.2019 21:30;01.05.2019 22:18
9,46E+11;United States;iPhone;FaceBoom;01.05.2019 21:11;01.05.2019 21:36
6,92E+11;United States;Android;TipTop;01.05.2019 12:11;01.05.2019 12:58
4,27E+11;United States;Mac;FaceBoom;01.05.2019 6:54;01.05.2019 7:00
8,32E+11;United States;iPhone;TipTop;01.05.2019 21:53;01.05.2019 23:36
2,75E+11;United States;Mac;organic;01.05.2019 13:37;01.05.2019 13:46
59058997486;United States;PC;TipTop;01.05.2019 11:00;01.05.2019 11:28
5,12E+11;United States;Mac;organic;01.05.2019 1:38;01.05.2019 1:55
9,09E+11;United States;PC;organic;01.05.2019 22:05;01.05.2019 23:15
3,29E+11;United States;iPhone;FaceBoom;01.05.2019 5:15;01.05.2019 5:29
3,07E+11;United States;Mac;organic;01.05.2019 4:18;01.05.2019 4:31
8,16E+11;United States;Mac;organic;01.05.2019 20:44;01.05.2019 20:50
36887497860;United States;iPhone;organic;01.05.2019 20:55;01.05.2019 21:59
25586955627;United States;Mac;organic;01.05.2019 22:00;01.05.2019 22:34
8,18E+11;United States;iPhone;TipTop;01.05.2019 13:58;01.05.2019 14:03
8,13E+11;United States;iPhone;organic;01.05.2019 23:33;01.05.2019 23:55
4,93E+11;United States;Mac;organic;01.05.2019 14:33;01.05.2019 14:52
7,75E+11;United States;iPhone;MediaTornado;02.05.2019 21:56;02.05.2019 21:58
2,45E+11;United States;iPhone;MediaTornado;02.05.2019 21:01;02.05.2019 21:08
7,85E+11;United States;iPhone;TipTop;02.05.2019 6:30;02.05.2019 6:36
2,53E+11;United States;iPhone;organic;02.05.2019 7:03;02.05.2019 7:13
5,88E+11;United States;Mac;organic;02.05.2019 12:59;02.05.2019 13:49
1,81E+11;United States;Android;MediaTornado;02.05.2019 1:22;02.05.2019 1:26
1,73E+11;United States;Android;TipTop;02.05.2019 23:53;02.05.2019 23:57
3,56E+11;United States;Mac;TipTop;02.05.2019 8:08;02.05.2019 8:34
3,32E+11;United States;iPhone;organic;02.05.2019 4:12;02.05.2019 4:26
2,94E+11;Russia;iPhone;TipTop;02.05.2019 21:59;02.05.2019 22:29
8,62E+11;United States;iPhone;organic;02.05.2019 23:30;02.05.2019 23:56
4,81E+11;United States;Android;TipTop;02.05.2019 16:59;02.05.2019 17:20
6,39E+11;United States;PC;TipTop;02.05.2019 15:17;02.05.2019 15:44
5,94E+11;United States;Mac;FaceBoom;02.05.2019 3:04;02.05.2019 3:32
6637059910;United States;iPhone;organic;02.05.2019 10:02;02.05.2019 10:16
8,67E+11;United States;iPhone;organic;02.05.2019 23:29;02.05.2019 23:57
2,22E+11;United States;PC;FaceBoom;02.05.2019 21:37;02.05.2019 22:48
1,73E+11;United States;Android;organic;02.05.2019 19:30;02.05.2019 19:36
9,28E+11;United States;Mac;TipTop;02.05.2019 5:06;02.05.2019 5:12
5,30E+11;United States;Mac;FaceBoom;02.05.2019 10:41;02.05.2019 10:59
3,50E+11;United States;PC;TipTop;02.05.2019 16:24;02.05.2019 16:48
5,42E+11;United States;Mac;organic;02.05.2019 4:17;02.05.2019 4:19
8,98E+11;United States;Android;organic;02.05.2019 11:13;02.05.2019 12:02
6,66E+11;United States;iPhone;organic;02.05.2019 5:19;02.05.2019 5:28
1,86E+11;United States;iPhone;MediaTornado;02.05.2019 19:27;02.05.2019 20:13
7,51E+11;United States;iPhone;TipTop;02.05.2019 21:16;02.05.2019 22:25
8,02E+11;United States;iPhone;organic;02.05.2019 1:23;02.05.2019 2:05
3,82E+11;United States;Mac;MediaTornado;02.05.2019 23:53;03.05.2019 0:01
4,14E+11;United States;PC;organic;02.05.2019 7:41;02.05.2019 9:01
7,38E+11;United States;Mac;organic;02.05.2019 6:16;02.05.2019 6:27
2,65E+11;United States;iPhone;MediaTornado;02.05.2019 10:40;02.05.2019 11:10
67486407139;United States;Android;organic;02.05.2019 21:39;02.05.2019 22:01
2,76E+11;United States;Android;TipTop;02.05.2019 14:26;02.05.2019 14:27
4,99E+11;United States;PC;FaceBoom;02.05.2019 10:44;02.05.2019 10:57
7,78E+11;United States;iPhone;TipTop;02.05.2019 20:56;02.05.2019 21:29
6,31E+11;United States;Android;TipTop;02.05.2019 0:46;02.05.2019 1:32
1,79E+11;United States;Mac;organic;02.05.2019 16:34;02.05.2019 16:49
2,67E+11;United States;iPhone;organic;02.05.2019 23:44;02.05.2019 23:45
18854267236;United States;iPhone;organic;02.05.2019 19:53;02.05.2019 20:26
71021174060;United States;Android;organic;02.05.2019 12:11;02.05.2019 12:33
5400720363;United States;iPhone;organic;02.05.2019 13:18;02.05.2019 13:38
3,28E+11;United States;Mac;organic;02.05.2019 2:54;02.05.2019 4:18
10404332026;United States;Mac;organic;02.05.2019 12:58;02.05.2019 13:48
4,24E+11;United States;PC;organic;02.05.2019 5:02;02.05.2019 6:35
4,34E+11;United States;iPhone;organic;02.05.2019 21:01;02.05.2019 21:11
6,39E+11;United States;iPhone;TipTop;02.05.2019 15:28;02.05.2019 15:53
8,19E+11;United States;iPhone;organic;02.05.2019 0:45;02.05.2019 0:59
1,86E+11;United States;Android;FaceBoom;02.05.2019 19:22;02.05.2019 19:54
8,97E+11;United States;iPhone;organic;02.05.2019 20:16;02.05.2019 20:38
7,47E+11;United States;Android;organic;02.05.2019 11:02;02.05.2019 12:50
3,81E+11;United States;PC;organic;02.05.2019 8:37;02.05.2019 8:58
5,99E+11;United States;iPhone;organic;02.05.2019 20:44;02.05.2019 21:37
46064941012;United States;iPhone;organic;02.05.2019 22:28;02.05.2019 22:48
3,21E+11;United States;Android;organic;02.05.2019 13:18;02.05.2019 13:49
2,72E+11;United States;Mac;organic;02.05.2019 17:56;02.05.2019 18:21
9,68E+11;United States;iPhone;organic;02.05.2019 6:43;02.05.2019 7:03
9,98E+11;United States;iPhone;TipTop;02.05.2019 4:24;02.05.2019 4:46
2,13E+11;United States;PC;organic;02.05.2019 21:18;02.05.2019 21:46
4,69E+11;United States;PC;organic;02.05.2019 7:42;02.05.2019 8:49
3,82E+11;United States;iPhone;TipTop;02.05.2019 9:40;02.05.2019 10:11
6,12E+11;United States;iPhone;TipTop;02.05.2019 8:54;02.05.2019 9:33
2,10E+11;United States;iPhone;organic;02.05.2019 22:03;02.05.2019 22:19
2,38E+11;United States;Mac;organic;02.05.2019 12:48;02.05.2019 13:08
9,28E+11;United States;Mac;FaceBoom;02.05.2019 20:42;02.05.2019 21:28
5,40E+11;United States;iPhone;organic;02.05.2019 7:07;02.05.2019 7:08
1,75E+11;United States;PC;organic;02.05.2019 1:57;02.05.2019 2:16
4,32E+11;United States;iPhone;TipTop;02.05.2019 12:32;02.05.2019 12:34
3,34E+11;United States;Android;organic;02.05.2019 5:54;02.05.2019 6:27
7,01E+11;United States;PC;organic;02.05.2019 17:11;02.05.2019 18:00
2,24E+11;United States;Mac;MediaTornado;02.05.2019 2:18;02.05.2019 3:04
1,50E+11;United States;Mac;FaceBoom;02.05.2019 10:05;02.05.2019 11:04
8,32E+11;United States;iPhone;TipTop;02.05.2019 23:11;02.05.2019 23:49
2,73E+11;United States;iPhone;organic;02.05.2019 6:14;02.05.2019 6:58
3,54E+11;United States;Android;TipTop;02.05.2019 13:53;02.05.2019 13:58
5,58E+11;United States;iPhone;FaceBoom;02.05.2019 20:46;02.05.2019 21:57
8,72E+11;United States;Android;MediaTornado;02.05.2019 8:18;02.05.2019 9:10
9,32E+11;United States;Mac;organic;02.05.2019 19:42;02.05.2019 20:20
25732375218;United States;Mac;FaceBoom;02.05.2019 19:41;02.05.2019 19:46
9,29E+11;United States;PC;organic;02.05.2019 0:44;02.05.2019 1:18
1,11E+11;United States;Mac;organic;02.05.2019 4:22;02.05.2019 5:04
2,29E+11;United States;Android;organic;02.05.2019 17:24;02.05.2019 18:47
4,26E+11;United States;iPhone;FaceBoom;02.05.2019 16:31;02.05.2019 17:39
8,09E+11;United States;PC;FaceBoom;02.05.2019 23:08;02.05.2019 23:25
6,87E+11;United States;Android;TipTop;02.05.2019 12:12;02.05.2019 12:26
3,18E+11;United States;Mac;MediaTornado;02.05.2019 5:51;02.05.2019 6:02
5,55E+11;United States;PC;TipTop;02.05.2019 9:47;02.05.2019 10:30
9,99E+11;United States;iPhone;organic;02.05.2019 10:52;02.05.2019 11:00
3,35E+11;United States;iPhone;organic;02.05.2019 12:12;02.05.2019 13:22
1,93E+11;United States;iPhone;organic;02.05.2019 17:38;02.05.2019 17:43
1,43E+11;United States;Mac;FaceBoom;02.05.2019 13:05;02.05.2019 13:23
9,00E+11;United States;Mac;organic;02.05.2019 8:28;02.05.2019 9:08
9,86E+11;United States;Mac;organic;02.05.2019 15:08;02.05.2019 15:14
23288059743;United States;Mac;organic;02.05.2019 6:04;02.05.2019 6:45
5,84E+11;United States;Android;organic;02.05.2019 2:44;02.05.2019 2:55
8,82E+11;United States;Android;MediaTornado;02.05.2019 17:35;02.05.2019 17:48
9,07E+11;United States;Android;FaceBoom;02.05.2019 6:45;02.05.2019 7:37
7,11E+11;United States;Mac;organic;02.05.2019 10:46;02.05.2019 10:54
8,70E+11;United States;iPhone;organic;02.05.2019 20:10;02.05.2019 20:25
9,11E+11;United States;Android;FaceBoom;02.05.2019 20:08;02.05.2019 20:30
1,55E+11;United States;PC;organic;02.05.2019 19:26;02.05.2019 19:37
8,53E+11;United States;Mac;FaceBoom;02.05.2019 6:50;02.05.2019 7:15
2,07E+11;United States;Mac;TipTop;02.05.2019 20:57;02.05.2019 22:04
7,59E+11;United States;iPhone;organic;02.05.2019 20:05;02.05.2019 20:49
4,83E+11;United States;iPhone;organic;02.05.2019 1:10;02.05.2019 1:37
4,63E+11;United States;Android;organic;02.05.2019 16:14;02.05.2019 16:44
9,54E+11;United States;Mac;organic;02.05.2019 17:00;02.05.2019 17:29
9,60E+11;United States;Android;organic;02.05.2019 22:38;02.05.2019 22:49
1,04E+11;United States;Mac;organic;02.05.2019 4:27;02.05.2019 4:35
9,42E+11;United States;Mac;organic;02.05.2019 6:42;02.05.2019 7:26
5,15E+11;United States;iPhone;organic;02.05.2019 22:31;02.05.2019 23:27
3,24E+11;United States;Mac;organic;02.05.2019 10:40;02.05.2019 11:11
7,49E+11;United States;iPhone;TipTop;02.05.2019 14:46;02.05.2019 15:33
4,29E+11;United States;iPhone;organic;02.05.2019 5:41;02.05.2019 5:59
5,02E+11;United States;PC;FaceBoom;02.05.2019 17:05;02.05.2019 19:22
7,84E+11;United States;Android;organic;02.05.2019 17:05;02.05.2019 17:50
2,25E+11;United States;iPhone;organic;02.05.2019 19:33;02.05.2019 20:04
6,83E+11;United States;iPhone;organic;02.05.2019 17:32;02.05.2019 17:42
6,19E+11;United States;PC;organic;02.05.2019 13:33;02.05.2019 13:53
7,70E+11;United States;Mac;organic;02.05.2019 1:13;02.05.2019 2:04
6,79E+11;United States;PC;TipTop;02.05.2019 0:22;02.05.2019 0:33
3,85E+11;United States;iPhone;TipTop;02.05.2019 20:04;02.05.2019 20:14
6,31E+11;United States;iPhone;organic;02.05.2019 12:30;02.05.2019 13:17
1,38E+11;United States;Android;organic;02.05.2019 11:13;02.05.2019 11:21
2,97E+11;United States;iPhone;organic;02.05.2019 0:50;02.05.2019 5:12
1,64E+11;United States;Mac;TipTop;02.05.2019 20:54;02.05.2019 21:04
7,64E+11;United States;iPhone;MediaTornado;02.05.2019 23:25;02.05.2019 23:55
7,52E+11;United States;iPhone;organic;02.05.2019 7:15;02.05.2019 7:17
8,58E+11;United States;Android;organic;02.05.2019 4:53;02.05.2019 5:17
7,45E+11;United States;iPhone;organic;02.05.2019 2:08;02.05.2019 2:35
5,43E+11;United States;iPhone;organic;02.05.2019 0:42;02.05.2019 0:48
4,88E+11;United States;Mac;organic;02.05.2019 16:09;02.05.2019 17:33
6,93E+11;United States;Mac;organic;02.05.2019 12:48;02.05.2019 14:06
2,69E+11;United States;Android;organic;02.05.2019 12:55;02.05.2019 13:00
5,83E+11;United States;iPhone;organic;02.05.2019 6:18;02.05.2019 6:23
1,33E+11;United States;Android;TipTop;02.05.2019 6:26;02.05.2019 7:30
6,15E+11;United States;Android;organic;02.05.2019 10:28;02.05.2019 11:42
6,48E+11;United States;iPhone;organic;02.05.2019 0:00;02.05.2019 0:04
2,05E+11;United States;iPhone;organic;02.05.2019 12:49;02.05.2019 13:03
2,22E+11;United States;iPhone;FaceBoom;02.05.2019 13:37;02.05.2019 13:44
7,83E+11;United States;PC;organic;02.05.2019 2:24;02.05.2019 2:26
2,33E+11;United States;iPhone;organic;02.05.2019 20:57;02.05.2019 21:28
59058997486;United States;PC;TipTop;02.05.2019 14:28;02.05.2019 15:51
36887497860;United States;iPhone;organic;02.05.2019 13:51;02.05.2019 14:02
25586955627;United States;Mac;organic;02.05.2019 0:30;02.05.2019 0:45
6,53E+11;United States;Mac;MediaTornado;02.05.2019 9:00;02.05.2019 9:35
5,67E+11;United States;iPhone;FaceBoom;02.05.2019 10:28;02.05.2019 10:53
5,81E+11;United States;Android;organic;02.05.2019 2:54;02.05.2019 2:56
32302092319;United States;iPhone;TipTop;02.05.2019 22:59;02.05.2019 23:26
3,16E+11;United States;PC;FaceBoom;02.05.2019 18:45;02.05.2019 19:05
6,83E+11;United States;PC;organic;02.05.2019 3:11;02.05.2019 3:14
5,32E+11;United States;Mac;organic;02.05.2019 0:58;02.05.2019 1:41
9,47E+11;United States;iPhone;organic;02.05.2019 22:40;02.05.2019 22:56
9,33E+11;United States;Mac;TipTop;02.05.2019 4:25;02.05.2019 4:37
84799650366;United States;iPhone;TipTop;02.05.2019 4:29;02.05.2019 4:30
44402090548;United States;iPhone;organic;02.05.2019 14:52;02.05.2019 15:03
3,26E+11;United States;Mac;organic;02.05.2019 22:26;02.05.2019 22:30
5,33E+11;United States;Android;organic;02.05.2019 8:17;02.05.2019 8:27
3,72E+11;United States;Mac;organic;02.05.2019 4:10;02.05.2019 4:42
1,04E+11;United States;Mac;MediaTornado;02.05.2019 6:41;02.05.2019 7:06
7,29E+11;United States;iPhone;organic;02.05.2019 1:40;02.05.2019 1:46
4,75E+11;United States;iPhone;organic;02.05.2019 11:04;02.05.2019 11:10
7,84E+11;United States;PC;organic;02.05.2019 3:42;02.05.2019 4:14
7,93E+11;United States;Android;organic;02.05.2019 17:28;02.05.2019 17:45
1,83E+11;United States;iPhone;organic;02.05.2019 18:44;02.05.2019 18:47
3,22E+11;United States;Mac;organic;02.05.2019 4:57;02.05.2019 5:43
6,53E+11;United States;Android;TipTop;02.05.2019 1:28;02.05.2019 2:06
8,50E+11;United States;Android;organic;02.05.2019 22:25;02.05.2019 22:49
2,45E+11;United States;Android;organic;02.05.2019 1:39;02.05.2019 1:46
2,14E+11;United States;iPhone;FaceBoom;02.05.2019 5:54;02.05.2019 5:58
9,72E+11;United States;iPhone;organic;02.05.2019 12:49;02.05.2019 13:10
8,08E+11;United States;iPhone;organic;02.05.2019 7:09;02.05.2019 7:58
1,86E+11;United States;Android;organic;02.05.2019 4:11;02.05.2019 5:33
4,25E+11;United States;Android;FaceBoom;02.05.2019 16:32;02.05.2019 16:55
4,00E+11;United States;PC;organic;02.05.2019 17:50;02.05.2019 18:08
3,21E+11;United States;Mac;organic;02.05.2019 5:40;02.05.2019 6:08
1,03E+11;United States;iPhone;organic;02.05.2019 15:45;02.05.2019 16:31
6,91E+11;United States;iPhone;organic;02.05.2019 10:07;02.05.2019 10:32
9,27E+11;United States;Android;organic;02.05.2019 13:23;02.05.2019 14:40
6,95E+11;United States;Android;organic;02.05.2019 12:23;02.05.2019 13:46
2,34E+11;United States;iPhone;organic;02.05.2019 3:55;02.05.2019 4:11
74933624867;United States;Mac;organic;02.05.2019 10:16;02.05.2019 10:24
5,71E+11;United States;Mac;FaceBoom;02.05.2019 9:40;02.05.2019 10:10
8,25E+11;United States;iPhone;MediaTornado;02.05.2019 3:55;02.05.2019 4:37
9,43E+11;United States;iPhone;FaceBoom;02.05.2019 23:58;03.05.2019 0:13
2,41E+11;United States;Mac;FaceBoom;02.05.2019 14:04;02.05.2019 14:09
1,66E+11;United States;PC;organic;02.05.2019 7:05;02.05.2019 7:13
9,68E+11;United States;Mac;organic;02.05.2019 17:13;02.05.2019 17:33
1,29E+11;United States;PC;organic;02.05.2019 14:27;02.05.2019 15:18
9,46E+11;United States;Mac;organic;02.05.2019 23:23;02.05.2019 23:53
4,90E+11;United States;iPhone;FaceBoom;02.05.2019 3:18;02.05.2019 3:40
4,61E+11;United States;iPhone;organic;02.05.2019 7:39;02.05.2019 8:20
1,54E+11;United States;Android;FaceBoom;02.05.2019 8:35;02.05.2019 9:57
4,14E+11;United States;iPhone;organic;02.05.2019 18:38;02.05.2019 18:50
7,48E+11;United States;Mac;organic;02.05.2019 2:30;02.05.2019 3:53
4,58E+11;United States;Mac;organic;02.05.2019 13:29;02.05.2019 14:29
9,06E+11;United States;iPhone;TipTop;02.05.2019 0:52;02.05.2019 1:17
8,16E+11;United States;Mac;TipTop;02.05.2019 2:19;02.05.2019 2:29
1,79E+11;United States;Mac;organic;01.05.2019 7:27;01.05.2019 7:49
1,79E+11;United States;Mac;organic;01.05.2019 7:27;01.05.2019 7:49
3,71E+11;United States;PC;MediaTornado;02.05.2019 2:09;02.05.2019 2:19
9,87E+11;United States;Android;organic;02.05.2019 22:14;02.05.2019 22:49
6,85E+11;United States;iPhone;organic;02.05.2019 7:35;02.05.2019 7:50
2,65E+11;United States;iPhone;organic;02.05.2019 12:20;02.05.2019 12:36
4,30E+11;United States;iPhone;organic;02.05.2019 1:50;02.05.2019 1:59
5,31E+11;United States;iPhone;FaceBoom;02.05.2019 19:12;02.05.2019 19:17
3,91E+11;United States;PC;FaceBoom;02.05.2019 20:22;02.05.2019 20:29
6,96E+11;United States;Mac;FaceBoom;02.05.2019 4:22;02.05.2019 4:30
6,22E+11;United States;Android;organic;02.05.2019 6:50;02.05.2019 8:26
7,99E+11;United States;iPhone;organic;02.05.2019 2:03;02.05.2019 2:15
7,66E+11;United States;iPhone;organic;02.05.2019 3:36;02.05.2019 4:30
71310958837;United States;iPhone;FaceBoom;02.05.2019 0:42;02.05.2019 2:18
2,16E+11;United States;iPhone;MediaTornado;02.05.2019 8:45;02.05.2019 9:15
9,18E+11;United States;Android;organic;02.05.2019 4:13;02.05.2019 4:23
9,24E+11;United States;Mac;organic;02.05.2019 22:11;02.05.2019 22:34
6,35E+11;United States;iPhone;organic;02.05.2019 13:55;02.05.2019 14:29
6,78E+11;United States;Android;organic;02.05.2019 22:44;02.05.2019 23:11
1,98E+11;United States;iPhone;organic;02.05.2019 2:27;02.05.2019 3:16
45476599272;United States;iPhone;organic;02.05.2019 14:35;02.05.2019 15:04
9,01E+11;United States;PC;FaceBoom;02.05.2019 23:26;02.05.2019 23:28
7,84E+11;United States;Android;FaceBoom;02.05.2019 19:59;02.05.2019 20:32
6,63E+11;United States;PC;organic;02.05.2019 20:40;02.05.2019 21:16
4,44E+11;United States;iPhone;FaceBoom;02.05.2019 10:55;02.05.2019 11:32
9,78E+11;United States;iPhone;organic;02.05.2019 6:11;02.05.2019 6:23
9,30E+11;United States;PC;TipTop;02.05.2019 9:33;02.05.2019 10:15
5,67E+11;United States;iPhone;organic;02.05.2019 22:22;02.05.2019 22:31
2,81E+11;United States;Android;FaceBoom;02.05.2019 6:12;02.05.2019 6:40
9,59E+11;United States;Android;TipTop;02.05.2019 14:36;02.05.2019 14:37
8,61E+11;United States;iPhone;organic;02.05.2019 14:22;02.05.2019 14:23
91707550199;United States;Mac;organic;02.05.2019 19:58;02.05.2019 20:59
2,16E+11;United States;Mac;TipTop;02.05.2019 23:51;02.05.2019 23:59
2,20E+11;United States;Android;organic;02.05.2019 23:21;03.05.2019 0:56
5,30E+11;United States;Mac;organic;02.05.2019 20:16;02.05.2019 20:17
9,77E+11;United States;iPhone;FaceBoom;02.05.2019 2:19;02.05.2019 2:40
9,32E+11;United States;iPhone;organic;02.05.2019 23:07;02.05.2019 23:08
83512036139;United States;iPhone;organic;02.05.2019 21:16;02.05.2019 22:44
5,88E+11;United States;Android;organic;02.05.2019 6:06;02.05.2019 7:32
6,72E+11;United States;Android;TipTop;02.05.2019 23:33;03.05.2019 0:00
4,71E+11;United States;Mac;organic;02.05.2019 20:16;02.05.2019 21:41
2,84E+11;United States;iPhone;TipTop;02.05.2019 8:15;02.05.2019 8:18
2,44E+11;United States;iPhone;FaceBoom;02.05.2019 19:14;02.05.2019 19:39
6,98E+11;United States;iPhone;TipTop;02.05.2019 2:09;02.05.2019 3:22
8,26E+11;United States;iPhone;organic;02.05.2019 17:08;02.05.2019 17:30
2,07E+11;United States;iPhone;organic;02.05.2019 5:31;02.05.2019 7:56
5,97E+11;United States;Mac;organic;02.05.2019 1:35;02.05.2019 2:21
3,25E+11;United States;Mac;organic;02.05.2019 11:55;02.05.2019 12:07
7,98E+11;United States;iPhone;MediaTornado;02.05.2019 20:14;02.05.2019 20:15
8,61E+11;United States;iPhone;organic;02.05.2019 2:50;02.05.2019 3:19
1,12E+11;United States;iPhone;organic;02.05.2019 18:58;02.05.2019 18:58
8,60E+11;United States;PC;organic;02.05.2019 21:05;02.05.2019 21:47
48831405665;United States;iPhone;organic;02.05.2019 12:09;02.05.2019 12:21
7,12E+11;United States;Mac;organic;02.05.2019 5:51;02.05.2019 5:53
4,15E+11;United States;Android;organic;02.05.2019 13:00;02.05.2019 13:11
6,88E+11;United States;iPhone;MediaTornado;02.05.2019 5:41;02.05.2019 5:50
8,58E+11;United States;iPhone;organic;02.05.2019 11:17;02.05.2019 12:34
1,77E+11;United States;iPhone;organic;02.05.2019 18:45;02.05.2019 18:57
4,54E+11;United States;Android;organic;02.05.2019 3:43;02.05.2019 3:44
6,91E+11;United States;Mac;TipTop;02.05.2019 11:19;02.05.2019 11:45
2,48E+11;United States;iPhone;organic;02.05.2019 20:00;02.05.2019 20:33
4,06E+11;United States;iPhone;FaceBoom;02.05.2019 20:44;02.05.2019 21:14
2,11E+11;United States;Mac;organic;02.05.2019 7:50;02.05.2019 7:57
7,32E+11;United States;PC;TipTop;02.05.2019 9:31;02.05.2019 10:04
7,65E+11;United States;Android;organic;02.05.2019 5:53;02.05.2019 6:31
4,46E+11;United States;iPhone;TipTop;02.05.2019 21:14;02.05.2019 21:17
8,57E+11;United States;iPhone;organic;02.05.2019 9:35;02.05.2019 10:27
8,73E+11;United States;iPhone;FaceBoom;02.05.2019 8:26;02.05.2019 9:17
5,10E+11;United States;Android;organic;02.05.2019 19:01;02.05.2019 19:22
5,76E+11;United States;Mac;organic;02.05.2019 7:13;02.05.2019 7:27
5,11E+11;United States;PC;organic;02.05.2019 5:35;02.05.2019 5:38
5,47E+11;United States;Android;FaceBoom;02.05.2019 3:14;02.05.2019 3:49
7,66E+11;United States;Android;FaceBoom;02.05.2019 5:40;02.05.2019 5:41
6,62E+11;United States;iPhone;organic;02.05.2019 10:44;02.05.2019 10:46
6,92E+11;United States;iPhone;TipTop;02.05.2019 9:37;02.05.2019 9:54
9,74E+11;United States;iPhone;FaceBoom;02.05.2019 13:10;02.05.2019 13:19
8,74E+11;United States;Mac;organic;02.05.2019 3:25;02.05.2019 3:30
7,45E+11;United States;PC;FaceBoom;02.05.2019 21:36;02.05.2019 22:31
7,03E+11;United States;Android;organic;02.05.2019 13:25;02.05.2019 14:53
5,48E+11;United States;iPhone;FaceBoom;02.05.2019 21:22;02.05.2019 21:28
1,13E+11;United States;PC;organic;02.05.2019 4:51;02.05.2019 5:07
1,64E+11;United States;Mac;organic;02.05.2019 16:36;02.05.2019 16:48
7,18E+11;United States;Android;organic;02.05.2019 17:27;02.05.2019 17:48
3,51E+11;United States;iPhone;FaceBoom;02.05.2019 23:44;03.05.2019 0:04
1,59E+11;United States;iPhone;organic;02.05.2019 8:32;02.05.2019 8:36
1,36E+11;United States;Android;organic;02.05.2019 0:19;02.05.2019 0:56
3,02E+11;United States;Mac;organic;02.05.2019 8:33;02.05.2019 9:25
7,84E+11;United States;iPhone;TipTop;02.05.2019 0:57;02.05.2019 1:35
2346324608;United States;Mac;organic;02.05.2019 23:00;02.05.2019 23:34
3,37E+11;United States;Android;FaceBoom;02.05.2019 12:53;02.05.2019 13:50
3,43E+11;United States;iPhone;MediaTornado;02.05.2019 13:53;02.05.2019 14:39
7,89E+11;United States;iPhone;organic;02.05.2019 21:55;02.05.2019 22:08
7,75E+11;United States;Mac;organic;02.05.2019 3:10;02.05.2019 3:39
6,77E+11;United States;iPhone;organic;02.05.2019 20:03;02.05.2019 20:14
7,11E+11;United States;iPhone;organic;02.05.2019 0:59;02.05.2019 1:29
1,00E+11;United States;Android;organic;02.05.2019 2:54;02.05.2019 3:06
6,57E+11;United States;Android;organic;02.05.2019 14:34;02.05.2019 14:51
3,92E+11;United States;Mac;organic;02.05.2019 3:15;02.05.2019 3:57
5,18E+11;United States;Android;organic;02.05.2019 8:49;02.05.2019 8:58
3,71E+11;United States;Mac;organic;02.05.2019 6:02;02.05.2019 6:10
3,22E+11;United States;iPhone;organic;02.05.2019 13:02;02.05.2019 14:28
7,55E+11;United States;iPhone;TipTop;02.05.2019 19:26;02.05.2019 19:56
2603833648;United States;Mac;organic;02.05.2019 14:25;02.05.2019 14:58
6,66E+11;United States;Mac;organic;02.05.2019 12:42;02.05.2019 12:50
3,48E+11;United States;Mac;organic;02.05.2019 3:04;02.05.2019 3:16
25705002486;United States;iPhone;TipTop;02.05.2019 15:07;02.05.2019 15:31
4805773801;United States;Mac;organic;02.05.2019 8:00;02.05.2019 8:07
3,09E+11;United States;PC;organic;02.05.2019 16:52;02.05.2019 17:02
4,32E+11;United States;Android;organic;02.05.2019 17:54;02.05.2019 18:05
1,36E+11;United States;iPhone;organic;02.05.2019 10:10;02.05.2019 11:52
8,46E+11;United States;Mac;organic;02.05.2019 3:44;02.05.2019 3:45
8,31E+11;United States;Mac;organic;02.05.2019 17:09;02.05.2019 17:26
5,44E+11;United States;Android;organic;02.05.2019 12:14;02.05.2019 12:18
1,42E+11;United States;Android;organic;02.05.2019 22:48;02.05.2019 22:54
8,57E+11;United States;iPhone;MediaTornado;02.05.2019 21:24;02.05.2019 21:27
7,71E+11;United States;Mac;organic;02.05.2019 17:48;02.05.2019 18:02
99637966637;United States;iPhone;organic;02.05.2019 16:16;02.05.2019 16:24
6,42E+11;United States;iPhone;organic;02.05.2019 2:15;02.05.2019 2:56
5,35E+11;United States;Mac;organic;02.05.2019 16:42;02.05.2019 17:00
9,29E+11;United States;PC;organic;02.05.2019 18:48;02.05.2019 18:49
7,85E+11;United States;Mac;organic;02.05.2019 10:10;02.05.2019 10:39
5,83E+11;United States;iPhone;organic;02.05.2019 4:07;02.05.2019 4:42
1,67E+11;United States;PC;organic;02.05.2019 23:48;03.05.2019 0:07
7,56E+11;United States;iPhone;organic;02.05.2019 2:33;02.05.2019 2:36
2,52E+11;United States;PC;FaceBoom;02.05.2019 2:41;02.05.2019 3:04
29210193047;United States;iPhone;organic;02.05.2019 2:41;02.05.2019 3:46
7,36E+11;United States;Mac;FaceBoom;02.05.2019 14:21;02.05.2019 14:40
1,87E+11;United States;Android;organic;02.05.2019 17:31;02.05.2019 17:36
40244695943;United States;Android;organic;02.05.2019 7:50;02.05.2019 7:51
6,08E+11;United States;Android;organic;02.05.2019 21:03;02.05.2019 21:44
5,46E+11;United States;Mac;organic;02.05.2019 16:04;02.05.2019 16:35
9,64E+11;United States;PC;organic;02.05.2019 13:44;02.05.2019 14:45
8,41E+11;United States;Mac;FaceBoom;02.05.2019 13:03;02.05.2019 13:10
6,59E+11;United States;Mac;organic;02.05.2019 6:14;02.05.2019 7:23
37931003126;United States;PC;organic;02.05.2019 13:55;02.05.2019 14:12
2,09E+11;United States;Android;organic;02.05.2019 1:22;02.05.2019 1:27
9,65E+11;United States;iPhone;organic;02.05.2019 5:39;02.05.2019 5:40
8,49E+11;United States;Mac;organic;02.05.2019 0:12;02.05.2019 0:47
8,85E+11;United States;iPhone;TipTop;02.05.2019 12:39;02.05.2019 14:30
5,89E+11;United States;Mac;organic;02.05.2019 21:14;02.05.2019 21:24
4,15E+11;United States;Mac;TipTop;02.05.2019 11:43;02.05.2019 12:53
3,77E+11;United States;Mac;FaceBoom;02.05.2019 19:17;02.05.2019 20:45
2,27E+11;United States;Android;FaceBoom;02.05.2019 14:28;02.05.2019 15:09
6,67E+11;United States;Mac;TipTop;02.05.2019 12:54;02.05.2019 13:03
1,96E+11;United States;iPhone;organic;02.05.2019 13:52;02.05.2019 14:15
3,59E+11;United States;Android;organic;02.05.2019 19:38;02.05.2019 20:36
5,99E+11;United States;iPhone;organic;02.05.2019 17:33;02.05.2019 17:46
4,10E+11;United States;Android;FaceBoom;02.05.2019 11:20;02.05.2019 11:36
2,20E+11;United States;iPhone;organic;02.05.2019 13:30;02.05.2019 14:04
3,33E+11;United States;Android;organic;02.05.2019 3:26;02.05.2019 4:03
5,22E+11;United States;iPhone;TipTop;02.05.2019 7:24;02.05.2019 7:56
8,24E+11;United States;iPhone;organic;02.05.2019 17:37;02.05.2019 17:49
2,49E+11;United States;Android;organic;02.05.2019 12:39;02.05.2019 13:33
5,31E+11;United States;iPhone;TipTop;02.05.2019 8:00;02.05.2019 8:06
6,83E+11;United States;Mac;TipTop;02.05.2019 13:08;02.05.2019 14:56
8,23E+11;United States;iPhone;organic;02.05.2019 15:23;02.05.2019 16:05
4,47E+11;United States;Mac;organic;02.05.2019 17:25;02.05.2019 17:47
5,35E+11;United States;iPhone;TipTop;02.05.2019 16:00;02.05.2019 16:04
6,56E+11;United States;Mac;organic;02.05.2019 6:07;02.05.2019 6:33
6,50E+11;United States;Mac;MediaTornado;02.05.2019 10:26;02.05.2019 10:40
3,74E+11;United States;Mac;organic;02.05.2019 0:39;02.05.2019 0:59
8,10E+11;United States;Mac;organic;02.05.2019 6:34;02.05.2019 7:15
6,02E+11;United States;PC;FaceBoom;02.05.2019 6:19;02.05.2019 7:07
6,17E+11;United States;iPhone;organic;02.05.2019 23:42;02.05.2019 23:56
5,47E+11;United States;Android;organic;02.05.2019 1:23;02.05.2019 2:12
9,75E+11;United States;Mac;organic;02.05.2019 4:25;02.05.2019 4:25
3,18E+11;United States;Android;organic;02.05.2019 20:56;02.05.2019 21:05
7,88E+11;United States;Android;organic;02.05.2019 14:26;02.05.2019 15:05
8483889453;United States;Android;FaceBoom;02.05.2019 1:22;02.05.2019 1:33
7,99E+11;United States;iPhone;FaceBoom;02.05.2019 3:11;02.05.2019 3:15
1,26E+11;United States;Android;organic;02.05.2019 18:20;02.05.2019 18:37
7,76E+11;United States;iPhone;organic;02.05.2019 7:00;02.05.2019 8:42
4,42E+11;United States;iPhone;organic;02.05.2019 15:53;02.05.2019 15:56
4,76E+11;United States;iPhone;organic;02.05.2019 15:13;02.05.2019 16:04
1,66E+11;United States;iPhone;FaceBoom;02.05.2019 10:26;02.05.2019 10:43
80050232211;United States;iPhone;organic;02.05.2019 22:26;02.05.2019 22:35
40519982381;United States;Android;organic;02.05.2019 22:43;02.05.2019 23:37
68212023120;United States;iPhone;TipTop;02.05.2019 3:31;02.05.2019 3:43
4,89E+11;United States;Mac;TipTop;02.05.2019 19:54;02.05.2019 21:00
33328105987;United States;Mac;organic;02.05.2019 11:35;02.05.2019 12:09
1,71E+11;United States;iPhone;FaceBoom;02.05.2019 18:57;02.05.2019 19:17
9,10E+11;United States;iPhone;organic;02.05.2019 5:18;02.05.2019 5:35
4,02E+11;United States;iPhone;organic;02.05.2019 11:19;02.05.2019 11:55
7,03E+11;United States;iPhone;TipTop;02.05.2019 5:59;02.05.2019 6:18
3,62E+11;United States;iPhone;organic;02.05.2019 4:01;02.05.2019 4:34
6,20E+11;United States;Mac;organic;02.05.2019 19:15;02.05.2019 19:58
95693474686;United States;Android;organic;02.05.2019 12:05;02.05.2019 12:27
5,50E+11;United States;iPhone;MediaTornado;02.05.2019 15:14;02.05.2019 15:33
1,90E+11;United States;iPhone;MediaTornado;02.05.2019 4:22;02.05.2019 4:26
6,39E+11;United States;iPhone;FaceBoom;02.05.2019 0:19;02.05.2019 0:24
5,03E+11;United States;Android;organic;02.05.2019 19:08;02.05.2019 20:13
1,78E+11;United States;PC;organic;02.05.2019 11:59;02.05.2019 12:19
8,18E+11;United States;Mac;organic;02.05.2019 16:26;02.05.2019 17:10
4,99E+11;United States;iPhone;organic;02.05.2019 10:05;02.05.2019 10:11
6,90E+11;United States;iPhone;TipTop;02.05.2019 9:31;02.05.2019 9:39
6,68E+11;United States;Android;FaceBoom;02.05.2019 7:16;02.05.2019 8:09
2,21E+11;United States;iPhone;organic;02.05.2019 17:43;02.05.2019 18:24
9,79E+11;United States;iPhone;organic;02.05.2019 9:02;02.05.2019 9:03
2,20E+11;United States;PC;FaceBoom;02.05.2019 0:43;02.05.2019 1:07
6,26E+11;United States;iPhone;FaceBoom;02.05.2019 22:22;02.05.2019 22:34
69209036971;United States;PC;organic;02.05.2019 23:13;02.05.2019 23:24
8,12E+11;United States;Mac;FaceBoom;02.05.2019 13:43;02.05.2019 14:04
7,31E+11;United States;Mac;FaceBoom;02.05.2019 13:48;02.05.2019 14:13
6,33E+11;United States;iPhone;TipTop;02.05.2019 19:31;02.05.2019 20:07
2,03E+11;United States;PC;MediaTornado;02.05.2019 23:21;02.05.2019 23:29
7,70E+11;United States;Mac;organic;02.05.2019 9:06;02.05.2019 9:12
9,52E+11;United States;Mac;organic;02.05.2019 9:38;02.05.2019 9:49
4,31E+11;United States;iPhone;organic;02.05.2019 13:55;02.05.2019 14:14
1,19E+11;United States;iPhone;TipTop;02.05.2019 22:09;02.05.2019 23:06
9,81E+11;United States;Mac;organic;02.05.2019 4:21;02.05.2019 4:23
9,55E+11;United States;Mac;organic;02.05.2019 17:06;02.05.2019 17:08
5,87E+11;United States;iPhone;organic;02.05.2019 13:37;02.05.2019 13:41
9,28E+11;United States;Mac;TipTop;02.05.2019 6:15;02.05.2019 6:27
7,93E+11;United States;Mac;organic;02.05.2019 9:55;02.05.2019 10:50
9,56E+11;United States;iPhone;organic;02.05.2019 18:47;02.05.2019 19:53
1,13E+11;United States;Mac;FaceBoom;02.05.2019 6:18;02.05.2019 6:29
7,93E+11;United States;Android;organic;02.05.2019 23:37;02.05.2019 23:55
4,48E+11;United States;Mac;organic;02.05.2019 3:37;02.05.2019 4:00
9,44E+11;United States;Mac;organic;02.05.2019 8:48;02.05.2019 9:44
8,15E+11;United States;Android;MediaTornado;02.05.2019 15:39;02.05.2019 15:47
2,76E+11;United States;iPhone;TipTop;02.05.2019 8:27;02.05.2019 9:07
7,92E+11;United States;Mac;organic;02.05.2019 15:07;02.05.2019 15:08
1,79E+11;United States;Mac;organic;02.05.2019 13:10;02.05.2019 13:39
5,68E+11;United States;iPhone;organic;02.05.2019 22:23;02.05.2019 22:30
85131804767;United States;iPhone;organic;02.05.2019 16:09;02.05.2019 16:15
9,77E+11;United States;Android;TipTop;02.05.2019 8:24;02.05.2019 8:49
8,69E+11;United States;iPhone;TipTop;02.05.2019 1:52;02.05.2019 2:34
2,13E+11;United States;iPhone;FaceBoom;02.05.2019 23:11;02.05.2019 23:18
99394501466;United States;iPhone;organic;02.05.2019 15:27;02.05.2019 16:30
5,31E+11;United States;Android;organic;02.05.2019 14:22;02.05.2019 14:36
30151057966;United States;Android;organic;02.05.2019 5:50;02.05.2019 7:29
8,97E+11;United States;Android;organic;02.05.2019 0:51;02.05.2019 1:36
5,91E+11;United States;Mac;FaceBoom;02.05.2019 23:15;02.05.2019 23:43
4,13E+11;United States;PC;organic;02.05.2019 8:07;02.05.2019 8:09
3,35E+11;United States;iPhone;organic;02.05.2019 18:41;02.05.2019 19:07
8,47E+11;United States;Mac;organic;02.05.2019 16:25;02.05.2019 17:07
2,32E+11;United States;iPhone;organic;02.05.2019 17:49;02.05.2019 18:00
3,42E+11;United States;iPhone;organic;02.05.2019 9:55;02.05.2019 11:26
4,95E+11;United States;PC;TipTop;02.05.2019 21:16;02.05.2019 21:39
6,47E+11;United States;PC;organic;02.05.2019 2:48;02.05.2019 2:52
8,39E+11;United States;iPhone;organic;02.05.2019 5:02;02.05.2019 6:07
37986225341;United States;PC;organic;02.05.2019 5:42;02.05.2019 5:51
7,11E+11;United States;iPhone;organic;02.05.2019 10:09;02.05.2019 10:09
1,57E+11;United States;iPhone;organic;02.05.2019 0:05;02.05.2019 0:07
39709318658;United States;Mac;organic;02.05.2019 17:36;02.05.2019 17:36
6,79E+11;United States;Android;organic;02.05.2019 3:03;02.05.2019 3:46
2,38E+11;United States;PC;organic;02.05.2019 12:36;02.05.2019 13:36
4,27E+11;United States;iPhone;organic;02.05.2019 4:30;02.05.2019 5:12
7,37E+11;United States;Android;organic;02.05.2019 10:50;02.05.2019 10:57
4,66E+11;United States;Mac;organic;02.05.2019 23:37;02.05.2019 23:51
5,44E+11;United States;iPhone;TipTop;02.05.2019 1:15;02.05.2019 1:52
8,72E+11;United States;iPhone;organic;02.05.2019 3:36;02.05.2019 4:46
50209858587;United States;iPhone;organic;02.05.2019 0:33;02.05.2019 0:47
3,79E+11;United States;Mac;FaceBoom;02.05.2019 1:11;02.05.2019 1:13
5,69E+11;United States;iPhone;FaceBoom;02.05.2019 19:48;02.05.2019 20:56
6,97E+11;United States;Mac;organic;02.05.2019 8:17;02.05.2019 8:30
6,57E+11;United States;Android;organic;02.05.2019 11:23;02.05.2019 11:27
8,02E+11;United States;iPhone;organic;02.05.2019 21:52;02.05.2019 22:41
1,84E+11;United States;iPhone;organic;02.05.2019 2:02;02.05.2019 2:32
9,52E+11;United States;Mac;organic;02.05.2019 6:25;02.05.2019 6:28
38904539184;United States;iPhone;organic;02.05.2019 11:17;02.05.2019 11:40
5,00E+11;United States;iPhone;TipTop;02.05.2019 16:39;02.05.2019 16:59
8,20E+11;United States;Android;FaceBoom;02.05.2019 23:21;02.05.2019 23:30
1,52E+11;United States;Mac;organic;02.05.2019 17:04;02.05.2019 17:33
9,51E+11;United States;iPhone;organic;02.05.2019 9:40;02.05.2019 10:40
8,90E+11;United States;Android;MediaTornado;02.05.2019 11:34;02.05.2019 12:39
1,50E+11;United States;Mac;organic;02.05.2019 1:08;02.05.2019 1:11
3,58E+11;United States;iPhone;organic;02.05.2019 21:21;02.05.2019 22:38
6,12E+11;United States;iPhone;organic;02.05.2019 23:16;02.05.2019 23:20
9,58E+11;United States;iPhone;FaceBoom;02.05.2019 20:16;02.05.2019 20:27
7,20E+11;United States;iPhone;organic;02.05.2019 3:28;02.05.2019 3:49
3,06E+11;United States;Mac;organic;02.05.2019 23:26;03.05.2019 0:32
5,85E+11;United States;PC;TipTop;02.05.2019 13:41;02.05.2019 13:51
1,22E+11;United States;iPhone;TipTop;02.05.2019 11:06;02.05.2019 11:58
9,06E+11;United States;iPhone;organic;02.05.2019 15:19;02.05.2019 15:20
3,98E+11;United States;Mac;organic;02.05.2019 11:35;02.05.2019 12:10
7,75E+11;United States;iPhone;FaceBoom;02.05.2019 8:15;02.05.2019 8:53
4,63E+11;United States;iPhone;FaceBoom;02.05.2019 1:31;02.05.2019 1:57
59452272130;United States;Android;organic;02.05.2019 22:41;02.05.2019 22:54
3,49E+11;United States;iPhone;organic;02.05.2019 2:39;02.05.2019 3:42
4,79E+11;United States;iPhone;organic;02.05.2019 8:11;02.05.2019 9:04
8,88E+11;United States;Android;organic;02.05.2019 5:55;02.05.2019 6:04
5,03E+11;United States;iPhone;TipTop;02.05.2019 4:52;02.05.2019 5:40
5,67E+11;United States;iPhone;organic;02.05.2019 9:40;02.05.2019 10:31
3,68E+11;United States;iPhone;FaceBoom;02.05.2019 22:44;02.05.2019 22:58
3,91E+11;United States;Mac;organic;02.05.2019 3:38;02.05.2019 4:21
4,77E+11;United States;iPhone;organic;02.05.2019 18:48;02.05.2019 20:14
9,83E+11;United States;PC;organic;02.05.2019 17:26;02.05.2019 17:40
6,06E+11;United States;iPhone;TipTop;02.05.2019 9:30;02.05.2019 9:45
31001027926;United States;PC;organic;02.05.2019 11:44;02.05.2019 11:44
8,85E+11;United States;iPhone;organic;02.05.2019 17:48;02.05.2019 19:06
3,32E+11;United States;Android;TipTop;02.05.2019 20:57;02.05.2019 21:12
8,60E+11;United States;iPhone;TipTop;02.05.2019 0:55;02.05.2019 1:52
6,67E+11;United States;PC;organic;02.05.2019 18:31;02.05.2019 18:38
1,50E+11;United States;iPhone;FaceBoom;02.05.2019 11:47;02.05.2019 11:48
8,58E+11;United States;iPhone;organic;02.05.2019 2:09;02.05.2019 2:40
6,34E+11;United States;Mac;TipTop;02.05.2019 23:54;03.05.2019 0:04
2,83E+11;United States;iPhone;organic;02.05.2019 2:20;02.05.2019 2:52
1,29E+11;United States;iPhone;organic;02.05.2019 4:07;02.05.2019 4:11
9,71E+11;United States;PC;organic;02.05.2019 14:20;02.05.2019 14:33
4,65E+11;United States;iPhone;MediaTornado;02.05.2019 8:36;02.05.2019 8:39
29207867692;United States;Android;FaceBoom;02.05.2019 17:26;02.05.2019 17:32
6,70E+11;United States;Mac;organic;02.05.2019 1:50;02.05.2019 2:16
4,77E+11;United States;Mac;organic;02.05.2019 23:25;02.05.2019 23:28
8,75E+11;United States;Android;MediaTornado;02.05.2019 15:58;02.05.2019 16:21
3,88E+11;United States;iPhone;organic;02.05.2019 5:38;02.05.2019 5:55
1,45E+11;United States;iPhone;TipTop;02.05.2019 8:14;02.05.2019 8:57
7,42E+11;United States;Android;FaceBoom;02.05.2019 18:28;02.05.2019 18:39
8,19E+11;United States;iPhone;organic;02.05.2019 8:58;02.05.2019 9:43
5,19E+11;United States;Android;organic;02.05.2019 22:38;02.05.2019 22:50
7,18E+11;United States;iPhone;FaceBoom;02.05.2019 3:49;02.05.2019 3:53
2,03E+11;United States;iPhone;organic;02.05.2019 11:20;02.05.2019 11:52
8,16E+11;United States;iPhone;organic;02.05.2019 2:57;02.05.2019 3:15
2,88E+11;United States;iPhone;FaceBoom;02.05.2019 16:46;02.05.2019 16:59
5,88E+11;United States;Android;organic;02.05.2019 0:41;02.05.2019 1:04
73681017263;United States;iPhone;organic;02.05.2019 7:04;02.05.2019 7:07
8,01E+11;United States;iPhone;FaceBoom;02.05.2019 4:04;02.05.2019 4:21
6,03E+11;United States;iPhone;organic;02.05.2019 7:41;02.05.2019 8:15
1,10E+11;United States;PC;organic;02.05.2019 10:12;02.05.2019 10:56
6,40E+11;United States;Android;MediaTornado;02.05.2019 14:41;02.05.2019 14:54
5,49E+11;United States;iPhone;MediaTornado;02.05.2019 3:54;02.05.2019 4:35
8,39E+11;United States;iPhone;organic;02.05.2019 5:22;02.05.2019 6:19
7,35E+11;United States;iPhone;organic;02.05.2019 17:35;02.05.2019 18:01
4,03E+11;United States;iPhone;organic;02.05.2019 18:37;02.05.2019 18:54
1,32E+11;United States;iPhone;organic;02.05.2019 18:17;02.05.2019 18:32
8,79E+11;United States;iPhone;TipTop;02.05.2019 8:06;02.05.2019 8:09
8,62E+11;United States;Android;organic;02.05.2019 19:03;02.05.2019 19:33
7,53E+11;United States;iPhone;organic;02.05.2019 17:53;02.05.2019 17:59
9,70E+11;United States;Android;organic;02.05.2019 9:06;02.05.2019 9:23
72446082692;United States;iPhone;TipTop;02.05.2019 5:26;02.05.2019 5:27
9,17E+11;United States;iPhone;organic;02.05.2019 7:56;02.05.2019 8:42
9,58E+11;United States;Mac;FaceBoom;02.05.2019 4:55;02.05.2019 5:03
7,33E+11;United States;Mac;organic;02.05.2019 6:11;02.05.2019 7:28
6,94E+11;United States;iPhone;FaceBoom;02.05.2019 7:16;02.05.2019 8:14
47032430799;United States;iPhone;organic;02.05.2019 6:31;02.05.2019 6:40
8,18E+11;United States;Mac;organic;02.05.2019 22:44;03.05.2019 0:26
8,87E+11;United States;iPhone;organic;02.05.2019 16:33;02.05.2019 16:41
4,77E+11;United States;Mac;organic;02.05.2019 0:53;02.05.2019 1:14
1,36E+11;United States;iPhone;TipTop;02.05.2019 8:57;02.05.2019 9:14
5,54E+11;United States;Android;MediaTornado;02.05.2019 19:24;02.05.2019 19:36
1,57E+11;United States;PC;organic;02.05.2019 22:44;02.05.2019 22:48
6,52E+11;United States;Android;organic;02.05.2019 21:06;02.05.2019 21:33
19814672566;United States;Android;FaceBoom;02.05.2019 15:14;02.05.2019 15:17
2,85E+11;United States;iPhone;organic;02.05.2019 14:45;02.05.2019 15:09
3,88E+11;United States;PC;organic;02.05.2019 16:53;02.05.2019 17:51
13902377582;United States;PC;organic;02.05.2019 23:20;02.05.2019 23:22
5,09E+11;United States;iPhone;TipTop;02.05.2019 20:02;02.05.2019 20:44
9,12E+11;United States;Mac;organic;02.05.2019 13:58;02.05.2019 14:08
1,01E+11;United States;iPhone;organic;02.05.2019 14:46;02.05.2019 15:22
36923437044;United States;iPhone;organic;02.05.2019 2:41;02.05.2019 3:18
9,19E+11;United States;iPhone;organic;02.05.2019 1:00;02.05.2019 1:54
2,78E+11;United States;Mac;FaceBoom;02.05.2019 10:24;02.05.2019 10:32
6,05E+11;United States;Mac;organic;02.05.2019 9:19;02.05.2019 9:38
8,18E+11;United States;Android;organic;02.05.2019 7:32;02.05.2019 7:48
2,97E+11;United States;Mac;organic;02.05.2019 9:55;02.05.2019 10:11
8,68E+11;United States;iPhone;FaceBoom;02.05.2019 10:42;02.05.2019 11:30
14104306753;United States;Android;organic;02.05.2019 13:17;02.05.2019 15:01
9,34E+11;United States;iPhone;organic;02.05.2019 4:41;02.05.2019 5:32
1,40E+11;United States;Android;organic;02.05.2019 1:22;02.05.2019 2:40
36584662832;United States;iPhone;FaceBoom;02.05.2019 14:03;02.05.2019 15:03
7,72E+11;United States;iPhone;TipTop;02.05.2019 16:00;02.05.2019 16:01
4,78E+11;United States;iPhone;organic;02.05.2019 18:59;02.05.2019 20:13
3,29E+11;United States;Mac;organic;02.05.2019 13:18;02.05.2019 13:34
2,19E+11;United States;iPhone;organic;02.05.2019 21:07;02.05.2019 21:29
6,75E+11;United States;iPhone;FaceBoom;02.05.2019 15:33;02.05.2019 15:54
9,52E+11;United States;PC;organic;02.05.2019 9:19;02.05.2019 10:12
4,79E+11;United States;iPhone;organic;02.05.2019 8:10;02.05.2019 8:20
2,83E+11;United States;Mac;organic;02.05.2019 21:15;02.05.2019 21:42
8,29E+11;United States;PC;organic;02.05.2019 14:48;02.05.2019 15:10
9,67E+11;United States;iPhone;MediaTornado;02.05.2019 10:53;02.05.2019 11:29
2,57E+11;United States;Mac;organic;02.05.2019 0:03;02.05.2019 0:03
4,91E+11;United States;iPhone;organic;03.05.2019 7:58;03.05.2019 9:00
86600232995;United States;Android;organic;03.05.2019 10:02;03.05.2019 10:12
7,15E+11;United States;Android;MediaTornado;03.05.2019 22:34;03.05.2019 22:39
8,86E+11;United States;Mac;organic;03.05.2019 4:30;03.05.2019 5:27
69009997544;United States;iPhone;organic;03.05.2019 17:31;03.05.2019 17:59
76142958026;United States;iPhone;organic;03.05.2019 2:58;03.05.2019 3:28
1,18E+11;United States;Mac;TipTop;03.05.2019 23:28;03.05.2019 23:56
6,60E+11;United States;Android;FaceBoom;03.05.2019 12:21;03.05.2019 12:32
4,72E+11;United States;iPhone;FaceBoom;03.05.2019 17:08;03.05.2019 18:21
3,21E+11;United States;iPhone;organic;03.05.2019 10:35;03.05.2019 10:36
8,01E+11;United States;iPhone;organic;03.05.2019 3:13;03.05.2019 3:33
1,17E+11;United States;iPhone;organic;03.05.2019 0:55;03.05.2019 0:58
3,59E+11;United States;Mac;TipTop;03.05.2019 23:03;03.05.2019 23:06
5,32E+11;United States;iPhone;organic;03.05.2019 18:58;03.05.2019 19:23
9,05E+11;United States;Android;organic;03.05.2019 4:44;03.05.2019 4:56
9,32E+11;United States;Android;organic;03.05.2019 23:17;03.05.2019 23:37
8,22E+11;United States;iPhone;organic;03.05.2019 5:48;03.05.2019 5:55
7,60E+11;United States;Android;organic;03.05.2019 23:21;04.05.2019 0:09
2,21E+11;United States;iPhone;organic;03.05.2019 18:35;03.05.2019 18:45
6,70E+11;United States;Mac;organic;03.05.2019 2:53;03.05.2019 2:58
2,87E+11;United States;Android;FaceBoom;03.05.2019 8:52;03.05.2019 8:58
6,10E+11;United States;Android;organic;03.05.2019 1:11;03.05.2019 2:46
69849705504;United States;Android;FaceBoom;03.05.2019 3:03;03.05.2019 3:40
6,99E+11;United States;iPhone;TipTop;03.05.2019 11:37;03.05.2019 11:38
9,30E+11;United States;iPhone;organic;03.05.2019 16:07;03.05.2019 17:25
9,71E+11;United States;iPhone;TipTop;03.05.2019 23:00;03.05.2019 23:41
1,08E+11;United States;iPhone;organic;03.05.2019 1:44;03.05.2019 1:55
9,41E+11;United States;Android;organic;03.05.2019 3:26;03.05.2019 3:46
1,75E+11;United States;iPhone;TipTop;03.05.2019 14:45;03.05.2019 15:28
7,61E+11;United States;iPhone;MediaTornado;03.05.2019 4:42;03.05.2019 5:17
4,14E+11;United States;Android;TipTop;03.05.2019 9:41;03.05.2019 10:37
4,88E+11;United States;iPhone;organic;03.05.2019 15:10;03.05.2019 15:23
6,06E+11;United States;iPhone;organic;03.05.2019 12:01;03.05.2019 12:41
3,83E+11;United States;iPhone;organic;03.05.2019 18:50;03.05.2019 19:15
6,69E+11;United States;Mac;organic;03.05.2019 6:45;03.05.2019 7:54
6,86E+11;United States;iPhone;organic;03.05.2019 19:21;03.05.2019 21:23
8,84E+11;United States;iPhone;organic;03.05.2019 3:49;03.05.2019 4:00
3,54E+11;United States;Mac;organic;03.05.2019 12:52;03.05.2019 13:59
5,03E+11;United States;iPhone;organic;03.05.2019 13:02;03.05.2019 13:10
2,32E+11;United States;iPhone;FaceBoom;03.05.2019 13:42;03.05.2019 13:45
3,40E+11;United States;iPhone;FaceBoom;03.05.2019 10:55;03.05.2019 11:39
9,14E+11;United States;Mac;organic;03.05.2019 15:50;03.05.2019 16:34
1,37E+11;United States;Android;organic;03.05.2019 11:29;03.05.2019 11:37
4,46E+11;United States;Mac;MediaTornado;03.05.2019 20:16;03.05.2019 20:20
6,94E+11;United States;PC;organic;03.05.2019 17:18;03.05.2019 17:50
1,55E+11;United States;iPhone;organic;03.05.2019 8:33;03.05.2019 9:15
5,88E+11;United States;Android;organic;03.05.2019 15:02;03.05.2019 15:36
4,23E+11;United States;iPhone;MediaTornado;03.05.2019 23:31;04.05.2019 0:08
7,75E+11;United States;Mac;organic;03.05.2019 22:55;03.05.2019 22:59
4,83E+11;United States;Android;MediaTornado;03.05.2019 6:13;03.05.2019 6:19
4,55E+11;United States;iPhone;TipTop;03.05.2019 7:49;03.05.2019 8:16
7,29E+11;United States;Mac;organic;03.05.2019 22:17;03.05.2019 22:25
6,08E+11;United States;PC;organic;03.05.2019 20:45;03.05.2019 20:54
9,69E+11;United States;iPhone;organic;03.05.2019 15:26;03.05.2019 15:32
6,00E+11;United States;Android;organic;03.05.2019 2:53;03.05.2019 3:20
6,81E+11;United States;Mac;MediaTornado;03.05.2019 12:09;03.05.2019 12:32
1,67E+11;United States;iPhone;organic;03.05.2019 14:36;03.05.2019 15:03
4,56E+11;United States;PC;organic;03.05.2019 0:42;03.05.2019 1:32
1,61E+11;United States;iPhone;organic;03.05.2019 5:49;03.05.2019 6:17
9,76E+11;United States;iPhone;organic;03.05.2019 14:11;03.05.2019 16:04
17581148006;United States;iPhone;TipTop;03.05.2019 9:52;03.05.2019 9:57
4,74E+11;United States;Mac;FaceBoom;03.05.2019 13:28;03.05.2019 13:44
2,66E+11;United States;Mac;FaceBoom;03.05.2019 0:55;03.05.2019 0:55
7,70E+11;United States;iPhone;organic;03.05.2019 17:14;03.05.2019 17:30
1,99E+11;United States;PC;organic;03.05.2019 12:59;03.05.2019 13:33
8,60E+11;United States;Mac;FaceBoom;03.05.2019 3:03;03.05.2019 3:16
54518467708;United States;Mac;MediaTornado;03.05.2019 20:33;03.05.2019 21:26
1,62E+11;United States;iPhone;organic;03.05.2019 20:15;03.05.2019 20:46
8,89E+11;United States;iPhone;organic;03.05.2019 6:37;03.05.2019 8:15
5,28E+11;United States;Mac;organic;03.05.2019 8:51;03.05.2019 9:11
5,97E+11;United States;iPhone;FaceBoom;03.05.2019 3:44;03.05.2019 5:11
9,01E+11;United States;Mac;organic;03.05.2019 23:22;03.05.2019 23:40
9,81E+11;United States;iPhone;TipTop;03.05.2019 19:18;03.05.2019 19:19
8,91E+11;United States;iPhone;organic;03.05.2019 1:16;03.05.2019 1:30
18955312331;United States;Android;organic;03.05.2019 18:54;03.05.2019 19:29
1,61E+11;United States;iPhone;organic;03.05.2019 4:24;03.05.2019 4:45
7,94E+11;United States;Mac;organic;03.05.2019 1:32;03.05.2019 2:02
2,63E+11;United States;Android;organic;03.05.2019 5:57;03.05.2019 7:22
7,53E+11;United States;Mac;organic;03.05.2019 22:18;03.05.2019 22:56
8,13E+11;United States;Mac;organic;03.05.2019 2:47;03.05.2019 3:07
3,95E+11;United States;Mac;TipTop;03.05.2019 4:26;03.05.2019 4:40
2,66E+11;United States;iPhone;FaceBoom;03.05.2019 22:38;03.05.2019 23:09
9,58E+11;United States;Mac;organic;03.05.2019 8:59;03.05.2019 11:33
4,63E+11;United States;Mac;FaceBoom;03.05.2019 16:31;03.05.2019 18:11
7,58E+11;United States;iPhone;FaceBoom;03.05.2019 23:08;03.05.2019 23:10
7,85E+11;United States;iPhone;TipTop;04.05.2019 23:46;04.05.2019 23:52
7,63E+11;United States;iPhone;MediaTornado;04.05.2019 21:16;04.05.2019 21:18
1,73E+11;United States;Android;TipTop;04.05.2019 18:53;04.05.2019 19:24
2,27E+11;United States;iPhone;FaceBoom;04.05.2019 14:27;04.05.2019 15:31
6637059910;United States;iPhone;organic;04.05.2019 20:41;04.05.2019 20:41
6,52E+11;United States;Mac;organic;04.05.2019 15:14;04.05.2019 16:48
3,50E+11;United States;PC;TipTop;04.05.2019 6:41;04.05.2019 6:49
3,01E+11;United States;iPhone;FaceBoom;04.05.2019 21:39;04.05.2019 23:19
5,42E+11;United States;Mac;organic;04.05.2019 13:48;04.05.2019 14:08
9,14E+11;United States;PC;organic;04.05.2019 10:53;04.05.2019 11:36
7,38E+11;United States;Mac;organic;04.05.2019 21:11;04.05.2019 21:17
64474110919;United States;iPhone;organic;04.05.2019 0:24;04.05.2019 0:58
3,54E+11;United States;Android;TipTop;04.05.2019 16:42;04.05.2019 17:01
8,61E+11;United States;Mac;organic;04.05.2019 7:52;04.05.2019 8:01
4,11E+11;United States;Android;TipTop;04.05.2019 5:26;04.05.2019 6:19
6,87E+11;United States;Android;TipTop;04.05.2019 17:42;04.05.2019 18:06
5,55E+11;United States;iPhone;TipTop;04.05.2019 23:32;04.05.2019 23:38
7,72E+11;United States;Android;TipTop;04.05.2019 19:32;04.05.2019 19:48
74352279110;United States;iPhone;TipTop;04.05.2019 0:13;04.05.2019 0:26
6,09E+11;United States;Android;FaceBoom;04.05.2019 3:33;04.05.2019 3:46
8,75E+11;United States;Mac;organic;04.05.2019 3:01;04.05.2019 3:15
